,City,Cloudiness,Country,Date,Humidity,Lat,Lng,Max Temp,Wind Speed
0,Atuona,30,PF,1579875166,79,-9.8,-139.03,80.31,11.65
1,Albany,1,US,1579875166,85,42.6,-73.97,34.0,2.24
2,Tessalit,100,ML,1579875166,6,20.2,1.01,89.6,10.31
3,Sao Filipe,4,CV,1579875166,70,14.9,-24.5,74.17,14.85
4,Hilo,90,US,1579875166,83,19.73,-155.09,69.8,1.43
5,Launceston,90,AU,1579875166,82,-41.45,147.17,60.01,16.11
6,Bahia Honda,56,CU,1579875166,70,22.9,-83.16,71.01,3.51
7,Viedma,11,AR,1579875167,21,-40.81,-63.0,75.11,9.57
8,Lebu,0,CL,1579875167,34,-37.62,-73.65,71.82,10.4
9,Jamestown,90,US,1579875167,40,42.1,-79.24,42.01,8.05
10,Port Alfred,33,ZA,1579875167,82,-33.59,26.89,72.0,7.0
11,Sydney,75,AU,1579875055,83,-33.87,151.21,75.2,10.29
12,Iberia,1,US,1579875168,93,29.95,-91.75,46.4,3.8
13,High Level,90,CA,1579875168,100,58.52,-117.14,19.4,2.19
14,Cidreira,20,BR,1579875168,74,-30.18,-50.21,73.96,14.41
15,Gamba,69,GA,1579875168,74,-2.65,10.0,83.91,8.52
16,Ahipara,0,NZ,1579875168,100,-35.17,173.17,64.0,4.99
17,Mahebourg,75,MU,1579875168,88,-20.41,57.7,82.4,6.93
18,Saldanha,0,ZA,1579875168,57,-33.01,17.94,77.0,8.05
19,Ushuaia,75,AR,1579875168,70,-54.8,-68.3,48.2,6.93
20,Mataura,100,NZ,1579875169,93,-46.19,168.86,64.0,3.0
21,College,90,US,1579875169,83,64.86,-147.8,-5.01,2.91
22,Westport,1,US,1579875169,55,41.14,-73.36,42.01,5.61
23,Carnarvon,0,AU,1579875169,54,-24.87,113.63,82.4,23.04
24,Hernani,52,ES,1579875169,76,43.27,-1.98,60.01,4.7
25,Sechura,100,PE,1579875169,82,-5.56,-80.82,73.94,5.68
26,Cherskiy,77,RU,1579875169,96,68.75,161.3,-36.92,3.04
27,Esperance,0,AU,1579875169,93,-33.87,121.9,62.6,8.05
28,Cabo San Lucas,5,MX,1579875046,87,22.89,-109.91,61.0,3.36
29,Somerset West,1,ZA,1579875170,57,-34.08,18.82,87.01,14.99
30,Tuktoyaktuk,100,CA,1579875170,96,69.45,-133.04,-13.76,11.07
31,Puerto Ayora,75,EC,1579875170,74,-0.74,-90.35,78.8,6.93
32,Batagay-Alyta,0,RU,1579875126,64,67.8,130.41,-35.01,3.11
33,Ossora,100,RU,1579875170,93,59.24,163.07,5.81,22.32
34,Yongchang,100,CN,1579875170,96,30.04,119.73,43.09,4.61
35,Vaini,40,TO,1579875170,83,-21.2,-175.2,78.8,8.05
36,Cape Town,0,ZA,1579875062,57,-33.93,18.42,87.01,14.99
37,Punta Arenas,75,CL,1579875163,66,-53.15,-70.92,51.8,12.75
38,Hermanus,0,ZA,1579875171,70,-34.42,19.23,87.01,7.0
39,Busselton,67,AU,1579875171,86,-33.65,115.33,62.58,14.18
40,Marsh Harbour,34,BS,1579875171,65,26.54,-77.06,72.48,11.32
41,Lata,40,PT,1579875171,71,40.16,-8.33,62.01,13.87
42,George Town,20,MY,1579875171,66,5.41,100.34,87.8,2.24
43,Lompoc,20,US,1579875172,93,34.64,-120.46,55.0,13.58
44,Ilulissat,75,GL,1579875172,61,69.22,-51.1,14.0,1.12
45,Vardo,75,NO,1579875172,73,70.37,31.11,24.8,13.87
46,Faanui,33,PF,1579875172,76,-16.48,-151.75,82.06,10.87
47,Ranfurly,70,NZ,1579875172,87,-45.13,170.1,60.01,6.35
48,Almaznyy,1,RU,1579875173,54,48.04,40.05,30.2,15.66
49,Khuzdar,0,PK,1579875173,48,27.74,66.64,55.4,8.52
50,Castro,33,BR,1579875173,54,-24.79,-50.01,75.07,6.17
51,Yellowknife,75,CA,1579874965,84,62.46,-114.35,5.0,9.17
52,Tuatapere,100,NZ,1579875173,93,-46.13,167.68,64.0,3.0
53,Bonfim,59,BR,1579875173,38,3.08,-59.95,92.61,3.76
54,Saint-Philippe,100,RE,1579875173,94,-21.36,55.77,82.4,20.8
55,Saskylakh,100,RU,1579875126,83,71.92,114.08,-28.35,21.54
56,Butaritari,100,KI,1579875174,76,3.07,172.79,83.79,8.88
57,Lavrentiya,0,RU,1579875127,80,65.58,-171.0,-16.55,3.04
58,Leningradskiy,0,RU,1579875174,71,69.38,178.42,-23.78,3.67
59,Lalmohan,1,BD,1579875174,47,22.34,90.74,64.67,4.52
60,Fortuna,90,US,1579875174,87,40.6,-124.16,53.6,3.36
61,Chui,0,UY,1579875174,53,-33.7,-53.46,78.62,6.6
62,Nola,20,IT,1579875129,62,40.92,14.53,60.01,6.93
63,Manado,20,ID,1579875175,100,1.49,124.85,75.2,3.36
64,Qaanaaq,0,GL,1579875175,54,77.48,-69.36,-10.75,8.12
65,Kodiak,20,US,1579875175,56,57.79,-152.41,15.8,11.41
66,Basco,24,PH,1579875175,75,20.45,121.97,77.32,19.48
67,Coquimbo,0,CL,1579875175,56,-29.95,-71.34,73.4,3.36
68,Walvis Bay,0,NA,1579875175,47,-22.96,14.51,78.8,14.99
69,Kapaa,0,US,1579875099,93,22.08,-159.32,66.2,6.93
70,Thompson,75,CA,1579875162,84,55.74,-97.86,3.2,4.7
71,Camacha,20,PT,1579875175,59,33.08,-16.33,62.6,19.46
72,Barcelos,20,PT,1579875176,58,41.54,-8.62,59.0,3.36
73,Ban Nahin,100,LA,1579875176,67,18.24,104.21,76.28,3.91
74,Kruisfontein,43,ZA,1579875176,61,-34.0,24.73,77.56,12.03
75,Constitucion,2,CL,1579875115,40,-35.33,-72.42,71.87,6.69
76,Avarua,95,CK,1579875176,94,-21.21,-159.78,77.0,5.82
77,Semenyih,20,MY,1579875176,78,2.95,101.84,84.2,2.24
78,Katsuura,100,JP,1579874945,82,35.13,140.3,51.8,24.16
79,Ostrovnoy,100,RU,1579875176,86,68.05,39.51,10.26,5.48
80,Copperas Cove,1,US,1579875176,55,31.12,-97.9,43.0,5.82
81,Puerto Vallarta,40,MX,1579875176,94,20.62,-105.23,70.0,3.69
82,Tautira,0,PF,1579875177,78,-17.73,-149.15,78.8,3.36
83,Shingu,82,JP,1579875177,70,33.73,135.98,51.71,11.45
84,Port Lincoln,0,AU,1579875177,81,-34.73,135.87,62.35,5.12
85,Hithadhoo,53,MV,1579875177,77,-0.6,73.08,84.42,9.31
86,Upernavik,51,GL,1579874971,86,72.79,-56.15,-11.78,4.7
87,Invercargill,100,NZ,1579875177,93,-46.4,168.35,64.0,3.0
88,Rikitea,0,PF,1579875177,74,-23.12,-134.97,77.22,17.16
89,Guadalupe y Calvo,0,MX,1579875177,49,26.1,-106.97,43.12,5.93
90,Bredasdorp,0,ZA,1579875177,64,-34.53,20.04,79.0,9.17
91,Torbay,67,CA,1579875178,75,47.67,-52.73,34.0,8.99
92,Hamilton,90,US,1579874973,87,39.18,-84.53,43.0,9.17
93,Valparaiso,31,CL,1579875069,60,-33.04,-71.63,69.8,4.7
94,Codrington,67,AU,1579875178,86,-38.27,141.97,61.5,18.28
95,Barrow,1,US,1579875001,75,71.29,-156.79,-18.4,10.29
96,Lovozero,100,RU,1579875178,95,68.0,35.01,13.08,5.35
97,Bluff,100,NZ,1579875178,93,-46.6,168.33,64.0,3.0
98,Kumul,0,CN,1579875178,56,42.8,93.45,13.46,2.46
99,Mapiripan,100,CO,1579875179,42,2.89,-72.13,91.76,6.46
100,Ishigaki,33,JP,1579875179,79,24.34,124.16,72.01,11.36
101,Fairbanks,90,US,1579875021,83,64.84,-147.72,-7.01,1.59
102,Ancud,40,CL,1579875179,82,-41.87,-73.82,59.0,10.29
103,Ust'-Ilimsk,100,RU,1579875125,93,58.0,102.66,14.36,10.04
104,Manicore,97,BR,1579875179,83,-5.81,-61.3,82.4,3.36
105,Clyde River,90,CA,1579875179,76,70.47,-68.59,-11.2,26.4
106,Dikson,100,RU,1579875179,97,73.51,80.55,-5.24,9.8
107,Ribeira Grande,75,PT,1579875179,58,38.52,-28.7,59.0,6.93
108,Quthing,91,LS,1579875180,83,-30.4,27.7,61.57,7.56
109,Arraial do Cabo,90,BR,1579875180,94,-22.97,-42.03,73.4,4.7
110,Ketchikan,100,US,1579875096,98,55.34,-131.65,35.13,4.61
111,Nabire,98,ID,1579875180,97,-3.37,135.48,73.85,1.45
112,Mar del Plata,0,AR,1579875180,51,-38.0,-57.56,93.0,20.8
113,Port Elizabeth,33,ZA,1579875180,69,-33.92,25.57,75.2,20.8
114,Makarov,100,RU,1579875127,77,48.63,142.8,6.87,12.39
115,Kavieng,0,PG,1579875180,66,-2.57,150.8,83.7,6.2
116,Camacari,75,BR,1579875055,83,-12.7,-38.32,84.2,10.29
117,Bethel,1,US,1579875181,55,41.37,-73.41,39.99,2.26
118,San Quintin,100,MX,1579875181,92,30.48,-115.95,56.3,4.92
119,Airai,100,TL,1579875181,93,-8.93,125.41,68.04,2.15
120,Itarema,24,BR,1579875181,51,-2.92,-39.92,90.81,13.4
121,Magadan,0,RU,1579875181,75,59.57,150.8,-16.33,11.1
122,Balikpapan,20,ID,1579875182,83,-1.27,116.83,82.4,4.7
123,Awjilah,0,LY,1579875182,43,29.11,21.29,61.56,7.36
124,Shenjiamen,100,CN,1579875182,87,29.96,122.3,51.73,19.01
125,San Patricio,40,MX,1579875182,83,19.22,-104.7,73.4,3.27
126,Linda,75,US,1579875182,93,39.13,-121.55,50.0,5.82
127,Vestmannaeyjar,90,IS,1579875182,86,63.44,-20.27,33.8,8.05
128,Berlevag,75,NO,1579875182,79,70.86,29.09,23.0,10.29
129,Coahuayana Viejo,40,MX,1579875182,93,18.73,-103.68,66.2,2.82
130,Amparafaravola,29,MG,1579875182,90,-17.58,48.22,72.23,2.82
131,New Norfolk,100,AU,1579875183,51,-42.78,147.06,62.6,16.11
132,Sitka,90,US,1579875183,97,57.05,-135.33,35.6,11.41
133,East London,68,ZA,1579875183,78,-33.02,27.91,73.4,18.34
134,Bariloche,100,AR,1579875137,29,-41.15,-71.31,62.6,26.4
135,Yangi Marg`ilon,40,UZ,1579875183,69,40.43,71.72,39.2,2.24
136,Touros,75,BR,1579875183,70,-5.2,-35.46,84.2,16.11
137,Nivala,32,FI,1579875183,87,63.92,25.0,28.99,3.0
138,Gobabis,72,NA,1579875183,61,-22.45,18.97,70.56,15.59
139,Nioro,95,GM,1579875183,11,13.35,-15.75,104.45,8.12
140,Saint-Paul,100,RE,1579875184,83,-21.01,55.27,82.4,3.36
141,Broome,1,US,1579875184,72,42.25,-75.83,37.0,4.7
142,Gizo,4,SB,1579875184,88,-8.1,156.84,77.72,6.42
143,Iqaluit,20,CA,1579875184,60,63.75,-68.51,-25.01,11.41
144,Nouadhibou,68,MR,1579875184,46,20.93,-17.03,69.8,10.29
145,Vrangel,0,RU,1579875184,49,42.73,133.08,18.95,13.8
146,Hobart,99,AU,1579875184,51,-42.88,147.33,62.6,16.11
147,Saint-Pierre,100,RE,1579875184,94,-21.34,55.48,82.4,20.8
148,Filingue,0,NE,1579875185,5,14.35,3.32,91.09,16.4
149,Ponta do Sol,40,PT,1579875185,59,32.67,-17.1,62.6,4.7
150,Thinadhoo,100,MV,1579875185,81,0.53,72.93,83.91,12.59
151,Maravilha,0,BR,1579875015,64,-26.76,-53.17,80.01,17.22
152,Merrill,90,US,1579875077,100,45.18,-89.68,32.0,3.36
153,Portland,75,US,1579875057,81,45.52,-122.68,52.0,6.93
154,Kaitangata,100,NZ,1579875185,72,-46.28,169.85,68.0,10.07
155,Bengkulu,100,ID,1579874932,95,-3.8,102.27,74.71,4.9
156,Selkirk,90,CA,1579875185,85,50.14,-96.88,21.2,5.82
157,Nanortalik,100,GL,1579875185,80,60.14,-45.24,29.17,1.74
158,Rantepao,71,ID,1579875186,97,-2.97,119.9,67.42,1.23
159,Taltal,22,CL,1579875186,63,-25.4,-70.48,75.06,7.36
160,Norman Wells,90,CA,1579875186,76,65.28,-126.83,-5.8,3.36
161,Necochea,0,AR,1579874960,53,-38.55,-58.74,88.0,15.01
162,Sungairaya,99,ID,1579875186,96,0.7,108.9,75.6,0.65
163,Sangmelima,67,CM,1579875186,10,2.93,11.98,93.45,3.04
164,Yulara,57,AU,1579875186,21,-25.24,130.99,89.6,12.75
165,Homer,1,US,1579875186,77,59.64,-151.55,17.6,4.7
166,Predivinsk,100,RU,1579875186,93,57.07,93.44,28.65,9.37
167,Ranavav,0,IN,1579875187,50,21.68,69.74,77.0,6.93
168,San Andres,20,CO,1579874959,74,12.58,-81.7,78.8,8.05
169,Pangnirtung,5,CA,1579875187,67,66.15,-65.71,-27.4,4.83
170,Khatanga,100,RU,1579875187,89,71.97,102.5,-28.95,8.01
171,Capinzal,11,BR,1579875187,47,-27.34,-51.61,78.12,4.65
172,Imbituba,75,BR,1579875132,88,-28.24,-48.67,73.4,16.11
173,Sur,0,OM,1579875187,70,22.57,59.53,70.65,7.0
174,Poum,75,NC,1579875187,78,-20.23,164.02,79.23,20.96
175,Saint Anthony,75,US,1579874950,92,45.02,-93.22,30.2,8.05
176,Digby,100,CA,1579875188,96,44.62,-65.77,28.99,12.39
177,Guerrero Negro,100,MX,1579874969,70,27.98,-114.06,58.15,2.55
178,Rock Sound,88,BS,1579875188,76,24.9,-76.2,73.06,15.86
179,Nehe,0,CN,1579875188,86,48.48,124.83,-9.31,4.14
180,Verkhnevilyuysk,1,RU,1579875125,95,63.45,120.32,-41.69,4.68
181,Sobolevo,100,RU,1579875188,91,54.43,31.9,36.01,15.9
182,Tyukhtet,100,RU,1579875188,91,56.54,89.3,27.79,11.3
183,Alugan,2,PH,1579875188,87,12.22,125.48,79.47,10.51
184,Cacoal,87,BR,1579875188,77,-11.44,-61.45,84.16,4.65
185,Bonavista,35,CA,1579875189,79,48.65,-53.11,33.01,14.0
186,Pizarro,100,CO,1579875189,80,4.95,-77.37,79.57,5.5
187,Bad Salzungen,80,DE,1579875189,74,50.82,10.23,35.6,3.36
188,Pointe Michel,40,DM,1579875189,74,15.25,-61.38,82.4,2.24
189,Lardos,0,GR,1579875189,37,36.09,28.02,55.99,11.41
190,Khudumelapye,56,BW,1579875189,23,-23.88,24.75,90.36,9.4
191,Kirakira,3,SB,1579875189,84,-10.45,161.92,77.36,3.29
192,Mount Isa,40,AU,1579875189,100,-20.73,139.5,77.0,4.7
193,Jimeta,55,NG,1579875189,5,9.28,12.47,93.38,9.89
194,Yatou,72,CN,1579875189,58,37.15,122.38,35.4,13.89
195,Sonoita,25,MX,1579875190,78,31.85,-112.83,48.0,5.06
196,Nikolskoye,20,RU,1579875190,93,59.7,30.79,36.0,11.18
197,Diamantino,0,BR,1579875190,63,-14.41,-56.45,85.26,6.46
198,Lorengau,2,PG,1579875190,70,-2.02,147.27,83.97,6.04
199,Coyhaique,75,CL,1579875190,58,-45.58,-72.07,59.0,11.41
200,Yate,90,GB,1579875190,93,51.54,-2.42,46.4,2.24
201,Tobol,0,KZ,1579875190,90,52.68,62.58,7.57,6.91
202,Jatai,23,BR,1579875190,82,-17.88,-51.71,79.23,11.65
203,Jumla,4,NP,1579875190,53,29.27,82.18,24.8,8.01
204,Cotonou,40,BJ,1579875191,55,6.37,2.42,91.4,6.93
205,Trebukhiv,75,UA,1579875138,69,50.48,30.9,39.2,8.95
206,Saint George,1,US,1579874993,92,37.1,-113.58,36.0,3.36
207,Lagoa,100,PT,1579875191,63,39.05,-27.98,56.03,7.09
208,Chokurdakh,0,RU,1579875191,87,70.63,147.92,-34.94,4.79
209,Solnechnyy,100,RU,1579875191,92,50.72,136.63,-8.0,2.19
210,Ayr,75,GB,1579875191,93,55.46,-4.63,48.2,11.41
211,Jijiga,98,ET,1579875191,74,9.35,42.8,65.14,15.55
212,Kiunga,64,PG,1579875191,98,-6.12,141.29,74.39,1.86
213,Basoko,75,CD,1579875192,16,1.24,23.62,94.1,2.68
214,Juneau,90,US,1579875010,97,58.3,-134.42,37.99,8.05
215,Hornepayne,100,CA,1579875192,94,49.21,-84.77,17.53,5.39
216,Uthal,0,PK,1579875192,39,25.81,66.62,70.5,8.88
217,Adrar,79,MR,1579875192,13,20.5,-10.07,87.1,9.01
218,Matara,54,LK,1579875192,83,5.95,80.54,77.9,1.7
219,Hasaki,75,JP,1579875192,70,35.73,140.83,46.4,6.93
220,Honiara,20,SB,1579875192,94,-9.43,159.95,77.0,2.24
221,Dingle,13,PH,1579875193,93,11.0,122.67,74.62,9.55
222,Hong Kong,40,HK,1579875061,83,22.29,114.16,71.6,11.41
223,Puerto Leguizamo,100,CO,1579875193,74,-0.19,-74.78,84.92,1.5
224,Kavaratti,32,IN,1579875193,67,10.57,72.64,82.62,3.33
225,San Jeronimo,99,PE,1579875193,66,-11.95,-75.28,50.99,4.99
226,Portobelo,40,PA,1579875193,78,9.55,-79.65,82.0,3.36
227,Lisakovsk,0,KZ,1579875193,90,52.54,62.49,7.57,6.91
228,Trincomalee,4,LK,1579875193,93,8.57,81.23,73.76,3.06
229,Yumen,3,CN,1579875193,49,40.28,97.2,19.72,5.44
230,Arlit,19,NE,1579875193,4,18.74,7.39,90.61,8.84
231,Esso,100,RU,1579875194,88,55.93,158.7,-9.94,5.73
232,Papar,75,MY,1579875194,78,5.73,115.93,80.6,5.82
233,Makakilo City,1,US,1579875194,82,21.35,-158.09,69.8,3.36
234,Nong Chik,0,TH,1579875194,74,6.84,101.18,79.63,15.03
235,Pevek,0,RU,1579875194,97,69.7,170.31,-27.8,3.29
236,Port-Gentil,40,GA,1579875194,70,-0.72,8.78,91.4,8.05
237,Greenville,90,US,1579874989,100,35.61,-77.37,46.4,4.7
238,Eyl,99,SO,1579875194,85,7.98,49.82,79.18,23.53
239,Phon,68,TH,1579875194,37,15.82,102.6,82.8,8.63
240,Praia da Vitoria,90,PT,1579875194,71,38.73,-27.07,57.2,6.98
241,Churapcha,76,RU,1579875195,98,62.0,132.43,-41.19,1.45
242,Tarija,20,BO,1579875195,68,-21.54,-64.73,69.8,3.36
243,Mitchell,90,US,1579875182,85,43.71,-98.03,24.8,10.29
244,Montepuez,9,MZ,1579875195,89,-13.13,39.0,77.31,4.92
245,Athabasca,100,CA,1579875195,82,54.72,-113.29,25.92,3.49
246,Cabras,25,IT,1579875195,64,39.93,8.53,57.99,5.99
247,Raudeberg,40,NO,1579875195,80,61.99,5.14,41.0,17.22
248,Watrous,2,CA,1579875130,88,51.67,-105.47,21.47,13.42
249,Syracuse,75,IT,1579874953,67,37.09,15.28,59.0,2.24
250,Alyangula,100,AU,1579875196,79,-13.85,136.42,84.2,4.7
251,Micheweni,100,TZ,1579875196,84,-4.97,39.83,82.22,14.85
252,Lugovoy,100,KZ,1579875196,77,42.95,72.76,33.51,9.35
253,Tasiilaq,75,GL,1579875196,67,65.61,-37.64,19.4,31.09
254,Talnakh,75,RU,1579875196,71,69.49,88.4,8.6,11.18
255,Akhtubinsk,0,RU,1579875196,87,48.28,46.17,20.17,10.85
256,Bambous Virieux,75,MU,1579875196,88,-20.34,57.76,82.4,6.93
257,Piopio,68,NZ,1579875196,96,-38.47,175.02,57.99,0.83
258,Tiarei,5,PF,1579875196,78,-17.53,-149.33,78.8,3.36
259,Berck,90,FR,1579875197,93,50.4,1.6,37.4,3.36
260,Dzerzhinskoye,100,RU,1579875197,89,56.83,95.23,27.75,6.4
261,Cockburn Town,40,TC,1579875083,64,21.46,-71.14,75.2,4.7
262,Velasco Ibarra,100,EC,1579875197,94,-1.05,-79.62,73.06,4.16
263,Matagami,90,CA,1579875197,92,49.75,-77.63,8.6,10.29
264,West Bay,20,KY,1579875197,83,19.37,-81.42,77.0,11.1
265,Kasempa,91,ZM,1579875197,72,-13.46,25.83,74.57,1.68
266,Laas,55,IT,1579875197,36,46.62,10.7,46.4,1.12
267,Dunedin,100,NZ,1579875197,72,-45.87,170.5,68.0,10.16
268,Denpasar,20,ID,1579875198,83,-8.65,115.22,84.2,4.7
269,Port Blair,20,IN,1579875198,73,11.67,92.75,80.22,17.09
270,Alta Floresta,90,BR,1579875198,88,-9.88,-56.09,78.8,6.93
271,Porangatu,100,BR,1579875198,98,-13.44,-49.15,71.69,8.9
272,Kieta,0,PG,1579875198,77,-6.22,155.63,81.54,5.66
273,Oodweyne,100,SO,1579875198,64,9.41,45.06,72.01,15.97
274,Ouesso,96,CG,1579875144,7,1.61,16.05,100.72,4.23
275,Salamiyah,0,SY,1579875198,40,35.01,37.05,40.42,12.01
276,Mamlyutka,100,KZ,1579875198,95,54.94,68.54,18.68,5.82
277,Nanton,100,CA,1579875199,80,50.35,-113.77,37.0,4.0
278,Alofi,90,NU,1579875199,100,-19.06,-169.92,78.8,6.93
279,Hualmay,16,PE,1579875199,53,-11.1,-77.61,80.22,7.45
280,Salalah,40,OM,1579875199,69,17.02,54.09,80.6,9.17
281,Novo Horizonte,86,BR,1579875199,74,-21.47,-49.22,78.04,9.4
282,Sterling,20,US,1579875199,69,39.01,-77.43,39.2,4.7
283,Abasolo,40,MX,1579875199,86,20.45,-101.52,39.2,3.2
284,Mocuba,87,MZ,1579875199,87,-16.84,36.99,78.66,6.26
285,Kahului,40,US,1579875142,82,20.89,-156.47,68.0,3.09
286,Cayenne,75,GF,1579875200,70,4.93,-52.33,84.2,10.29
287,Teapa,90,MX,1579875200,100,17.55,-92.95,68.0,0.87
288,Chongwe,40,ZM,1579875200,45,-15.33,28.68,82.4,11.41
289,Glens Falls,1,US,1579874966,73,43.31,-73.64,35.01,4.7
290,Wajir,100,KE,1579875200,35,1.75,40.06,94.8,9.13
291,Flinders,75,AU,1579875200,100,-34.58,150.86,73.0,8.05
292,Taoudenni,100,ML,1579875200,11,22.68,-3.98,87.73,8.32
293,Shelburne,75,CA,1579875201,64,44.08,-80.2,34.0,13.87
294,Nordfjordeid,75,NO,1579875201,97,61.91,5.99,41.0,6.93
295,Varhaug,75,NO,1579875201,87,58.61,5.65,43.0,14.99
296,Narsaq,75,GL,1579875201,86,60.92,-46.05,26.6,5.82
297,Vila Velha,90,BR,1579875201,88,-20.33,-40.29,80.01,14.99
298,Japura,57,ID,1579875201,93,-0.32,102.35,74.68,2.66
299,Okhotsk,0,RU,1579875201,72,59.38,143.3,-24.59,7.81
300,Udachny,75,RU,1579874936,74,66.42,112.4,-25.6,8.95
301,Zambezi,86,ZM,1579875202,81,-13.54,23.1,75.47,7.29
302,Pisco,90,PE,1579875202,30,-13.7,-76.22,71.6,3.36
303,Batticaloa,22,LK,1579875202,90,7.71,81.69,73.67,2.59
304,Aranos,89,NA,1579875202,22,-24.13,19.12,87.94,27.34
305,Houma,5,US,1579875202,81,29.6,-90.72,51.8,8.05
306,Malakwal,4,PK,1579875202,28,32.55,73.21,54.37,5.35
307,Mossamedes,20,AO,1579875202,65,-15.2,12.15,80.6,17.22
308,Terney,0,RU,1579875202,63,45.05,136.61,0.72,6.29
309,Marrakesh,40,MA,1579874917,45,31.63,-8.01,64.4,4.7
310,Aurillac,89,FR,1579875203,66,44.92,2.45,55.99,9.17
311,Provideniya,94,RU,1579875203,97,64.38,-173.3,-6.32,4.03
312,Te Anau,100,NZ,1579875203,98,-45.42,167.72,58.08,0.51
313,Orocue,26,CO,1579875203,40,4.79,-71.34,93.06,13.98
314,Havre-Saint-Pierre,1,CA,1579875203,55,50.23,-63.6,8.6,4.7
315,Arrondissement du Havre,90,FR,1579875203,64,49.58,0.33,36.0,9.17
316,Turinsk,0,RU,1579875203,92,58.05,63.7,9.54,8.72
317,Nigran,40,ES,1579875203,54,42.14,-8.81,62.01,3.36
318,Avanuorri,40,NO,1579875203,77,71.0,24.66,32.0,17.22
319,Sant Julia de Loria,90,AD,1579875204,93,42.46,1.48,57.99,2.24
320,Tezu,93,IN,1579875204,74,27.92,96.17,52.3,3.69
321,Castelnaudary,75,FR,1579875204,76,43.32,1.95,57.99,13.87
322,Longmont,1,US,1579875204,85,40.17,-105.1,30.0,1.83
323,Ovejas,29,CO,1579875204,61,9.53,-75.22,83.97,4.59
324,Ngunguru,0,NZ,1579875204,93,-35.62,174.5,63.0,5.99
325,Tshikapa,100,CD,1579875204,64,-6.42,20.8,84.29,4.63
326,Laguna,90,US,1579875204,93,38.42,-121.42,51.01,3.24
327,Peniche,75,PT,1579875204,87,39.36,-9.38,57.0,9.17
328,Husavik,75,IS,1579875204,77,66.04,-17.34,32.0,14.99
329,Nyurba,34,RU,1579875205,95,63.28,118.33,-37.21,5.44
330,Silver City,1,US,1579875205,86,32.77,-108.28,37.0,9.17
331,Clonakilty,75,IE,1579875205,93,51.62,-8.87,44.01,6.93
332,Suoyarvi,27,RU,1579875205,82,62.08,32.35,27.45,9.22
333,Richards Bay,0,ZA,1579875205,75,-28.78,32.04,78.46,30.89
334,Isangel,83,VU,1579875205,85,-19.55,169.27,76.77,14.63
335,Bonthe,16,SL,1579875205,35,7.53,-12.51,93.4,9.84
336,Andenes,75,NO,1579875206,100,69.31,16.12,30.99,4.7
337,Bowen,75,AU,1579875206,88,-20.02,148.23,82.0,2.91
338,Longavi,35,CL,1579875206,22,-35.97,-71.68,86.97,3.91
339,Auki,47,SB,1579875206,75,-8.77,160.7,83.91,10.76
340,Coolum Beach,100,AU,1579875206,93,-26.53,153.1,78.01,2.73
341,Cap Malheureux,75,MU,1579875206,88,-19.98,57.61,82.4,6.93
342,Naze,90,JP,1579875206,94,28.37,129.48,69.8,9.17
343,Samarai,1,PG,1579875207,89,-10.62,150.67,76.84,2.95
344,Marawi,15,PH,1579875207,87,8.0,124.29,79.0,3.0
345,Motygino,100,RU,1579875207,94,58.18,94.76,27.82,11.07
346,Tilichiki,100,RU,1579875207,97,60.47,166.1,-2.99,14.14
347,Souillac,75,MU,1579875207,88,-20.52,57.52,82.4,6.93
348,Brae,20,GB,1579875207,75,60.4,-1.35,44.6,19.46
349,Severo-Kuril'sk,83,RU,1579875207,87,50.68,156.12,13.87,13.4
350,Vila Franca do Campo,40,PT,1579875207,82,37.72,-25.43,57.2,4.7
351,San-Pedro,60,CI,1579875207,81,4.75,-6.64,82.65,11.72
352,Bolivar,90,US,1579875208,95,37.61,-93.41,33.01,9.17
353,Ust-Kuyga,7,RU,1579875208,99,70.02,135.6,-40.56,6.42
354,Aktau,75,KZ,1579875208,59,43.65,51.2,35.6,24.61
355,Tiksi,0,RU,1579875208,88,71.69,128.87,-33.86,5.79
356,Baykit,100,RU,1579875208,96,61.67,96.37,5.77,2.06
357,Hohhot,0,CN,1579875208,78,40.81,111.65,12.2,4.47
358,Bom Jesus da Lapa,100,BR,1579875043,96,-13.26,-43.42,71.11,7.29
359,Sambava,100,MG,1579875208,98,-14.27,50.17,74.35,0.98
360,Rio Gallegos,75,AR,1579875209,43,-51.62,-69.22,55.4,12.75
361,Caceres,100,ES,1579875209,84,39.52,-6.37,51.01,4.0
362,Fukuecho,74,JP,1579875209,66,32.69,128.84,55.4,12.75
363,Rocha,0,UY,1579875209,27,-34.48,-54.33,86.38,7.92
364,Kashgar,40,CN,1579875032,63,39.45,75.98,28.4,6.71
365,Tambura,100,SS,1579875209,13,5.6,27.47,90.12,6.11
366,Mindelo,75,CV,1579875209,57,16.89,-24.98,78.8,21.92
367,Longyearbyen,20,SJ,1579875044,65,78.22,15.64,5.0,24.16
368,Kyshtovka,76,RU,1579875209,94,56.55,76.63,17.2,5.99
369,Santiago,45,CL,1579875184,56,-33.46,-70.65,84.0,2.24
370,Katangli,100,RU,1579875210,95,51.71,143.23,-0.53,8.32
371,San Bernardo,45,CL,1579875210,56,-33.6,-70.72,84.99,2.24
372,Puerto Escondido,71,MX,1579875139,63,15.85,-97.07,75.34,1.45
373,The Valley,20,AI,1579875210,83,18.22,-63.06,82.99,6.93
374,Tazovsky,96,RU,1579875210,95,67.47,78.7,5.36,8.68
375,Acarau,24,BR,1579875210,51,-2.89,-40.12,90.81,13.4
376,Dicabisagan,95,PH,1579875210,85,17.08,122.42,75.25,8.46
377,Centar,20,HR,1579875130,74,45.81,15.98,48.0,3.36
378,Quatre Cocos,75,MU,1579875211,88,-20.21,57.76,82.4,6.93
379,Qaqortoq,75,GL,1579875211,86,60.72,-46.03,26.6,5.82
380,Flin Flon,90,CA,1579875211,84,54.77,-101.86,8.6,2.24
381,Haines Junction,100,CA,1579875211,98,60.75,-137.51,-4.92,6.96
382,Ambilobe,100,MG,1579875211,90,-13.2,49.05,77.25,4.65
383,La Libertad,75,EC,1579875211,100,-2.23,-80.9,77.0,5.82
384,Spring Valley,1,US,1579875211,52,36.11,-115.25,46.0,5.82
385,Hobyo,94,SO,1579875211,74,5.35,48.53,81.05,20.45
386,Rawson,95,AR,1579875212,56,-43.3,-65.1,66.2,3.24
387,Maragogi,67,BR,1579875212,77,-9.01,-35.22,81.81,13.62
388,Tomatlan,83,MX,1579875212,73,19.93,-105.25,69.35,1.72
389,Sakakah,75,SA,1579875212,62,29.97,40.21,51.8,21.92
390,Scotch Plains,1,US,1579875212,69,40.66,-74.39,39.99,3.27
391,Yuanping,100,CN,1579875212,83,38.72,112.76,21.61,0.63
392,Lerwick,20,GB,1579875212,70,60.15,-1.15,44.6,21.92
393,Yokadouma,100,CM,1579875212,8,3.52,15.05,95.4,3.8
394,San,99,ML,1579875212,5,13.3,-4.9,96.57,16.96
395,Zhangye,0,CN,1579874967,36,38.93,100.45,26.13,5.59
396,Barrhead,75,GB,1579875213,87,55.8,-4.39,48.2,6.93
397,Pochutla,90,MX,1579875213,78,15.74,-96.47,73.4,8.32
398,Phalodi,0,IN,1579875213,31,27.13,72.37,63.9,4.34
399,Krasnosel'kup,96,RU,1579875213,95,65.7,82.47,14.81,12.75
400,Severo-Yeniseyskiy,100,RU,1579875213,92,60.37,93.04,21.4,7.85
401,Kashary,35,RU,1579875213,75,49.04,41.01,23.09,11.03
402,Kabin Buri,33,TH,1579875213,74,13.95,101.72,78.94,1.34
403,Phan Thiet,44,VN,1579875007,92,10.93,108.1,68.97,3.36
404,Show Low,1,US,1579875214,92,34.25,-110.03,27.0,5.5
405,Santana,75,BR,1579875035,79,-0.06,-51.18,84.2,10.29
406,Imeni Zhelyabova,100,RU,1579875214,82,58.95,36.6,33.98,10.11
407,Sile,20,TR,1579875214,45,41.18,29.61,50.0,5.82
408,Zabaykalsk,0,RU,1579875214,86,49.63,117.32,-12.01,1.19
409,Kerema,100,PG,1579875214,78,-7.96,145.78,77.22,3.2
410,Lokosovo,100,RU,1579875214,92,61.13,74.82,14.59,9.86
411,Sahuaripa,0,MX,1579875214,64,29.05,-109.23,49.51,5.46
412,Caravelas,100,BR,1579875215,81,-17.71,-39.25,80.08,25.32
413,Stornoway,40,GB,1579875215,87,58.21,-6.39,45.0,8.05
414,Harboore,75,DK,1579875215,93,56.62,8.18,46.4,12.75
415,Bay Roberts,0,CA,1579875215,75,47.6,-53.26,34.0,8.99
416,Deputatsky,4,RU,1579875215,95,69.3,139.9,-35.97,2.24
417,Hanstholm,35,DK,1579875215,92,57.12,8.62,45.0,11.99
418,Isla Mujeres,75,MX,1579875215,88,21.23,-86.73,69.01,6.93
419,Talaya,100,RU,1579875215,100,61.38,152.75,-38.81,1.74
420,Rudozem,0,BG,1579875215,36,41.48,24.85,51.8,4.07
421,Olafsvik,100,IS,1579875215,72,64.89,-23.71,31.21,6.62
422,Middelburg,61,ZA,1579875216,60,-25.78,29.46,73.4,6.51
423,Santa Cruz de la Sierra,100,BO,1579875156,51,-17.8,-63.17,84.2,17.22
424,Port Hedland,0,AU,1579875216,79,-20.32,118.57,86.0,10.29
425,High Prairie,97,CA,1579875113,82,55.43,-116.49,25.65,1.9
426,Majene,20,ID,1579875216,90,-3.54,118.97,76.19,3.94
427,Cabugao,95,PH,1579875216,74,17.79,120.46,75.83,8.63
428,Caernarfon,90,GB,1579875216,93,53.14,-4.27,46.4,6.93
429,Sao Joao da Barra,90,BR,1579875216,100,-21.64,-41.05,75.2,2.59
430,Baracoa,10,CU,1579875216,59,20.35,-74.5,74.1,1.57
431,Kalemie,100,CD,1579875216,89,-5.95,29.19,75.47,1.21
432,Anadyr,75,RU,1579875217,83,64.75,177.48,-2.0,2.24
433,Port Hardy,90,CA,1579875217,100,50.7,-127.42,44.6,2.24
434,Natal,75,BR,1579874943,66,-5.79,-35.21,86.0,16.11
435,Ola,0,RU,1579875217,72,59.58,151.28,-21.8,8.5
436,Villarrobledo,71,ES,1579875217,89,39.27,-2.6,46.99,5.99
437,Foumban,68,CM,1579875217,8,5.73,10.9,92.52,4.7
438,Srednekolymsk,100,RU,1579875217,95,67.45,153.68,-30.19,2.64
439,Suileng,2,CN,1579875217,94,47.25,127.08,-12.87,4.79
440,Ambon,20,ID,1579875217,88,-3.7,128.18,78.8,5.82
441,Carmo do Rio Claro,94,BR,1579875218,87,-20.97,-46.12,73.4,7.27
442,Grindavik,75,IS,1579875218,88,63.84,-22.43,32.0,9.17
443,Mayo,40,US,1579875218,75,38.89,-76.51,39.99,8.05
444,Ukholovo,100,RU,1579875218,89,53.79,40.49,30.0,5.01
445,Wuwei,47,CN,1579875218,64,37.93,102.64,20.97,2.3
446,Hirara,14,JP,1579875218,84,24.8,125.28,71.56,11.05
447,Ponta Delgada,40,PT,1579875218,82,37.73,-25.67,57.2,4.7
448,Atkarsk,100,RU,1579875218,93,51.87,45.01,16.07,15.05
449,Karratha,0,AU,1579875218,78,-20.74,116.85,84.4,13.94
450,Marshall,90,US,1579875219,93,34.38,-86.33,46.99,9.06
451,Sugbongcogon,0,PH,1579875219,87,8.96,124.79,79.0,3.0
452,Santa Rosa,75,PH,1579875219,83,14.31,121.11,80.6,2.24
453,Kirkwood,90,US,1579875209,100,38.58,-90.41,34.0,1.03
454,Kendari,9,ID,1579875219,95,-3.94,122.5,75.85,0.72
455,Vermillion,90,US,1579875105,92,42.78,-96.93,28.4,12.75
456,Gizycko,100,PL,1579875219,88,54.04,21.76,36.61,13.13
457,Englewood,20,US,1579875147,58,39.65,-104.99,32.0,5.82
458,Nhulunbuy,100,AU,1579875219,78,-12.23,136.77,82.4,6.93
459,Mundo Nuevo (Ojo de Agua),77,MX,1579875219,86,18.7,-95.5,71.33,3.49
460,Poronaysk,100,RU,1579875220,82,49.22,143.12,4.35,6.58
461,Sorong,2,ID,1579875220,87,-0.88,131.25,73.36,2.26
462,Erenhot,0,CN,1579875220,79,43.65,111.98,13.53,8.88
463,Kidal,100,ML,1579875220,6,18.44,1.41,88.97,10.45
464,Oksfjord,75,NO,1579875220,64,70.24,22.35,33.8,10.29
465,Champerico,20,GT,1579875220,88,14.3,-91.92,69.8,1.88
466,Jiayuguan,23,CN,1579875220,45,39.82,98.3,22.59,6.89
467,Paraiso,39,CR,1579875220,72,9.84,-83.87,69.01,11.41
468,Altay,21,CN,1579875221,48,47.87,88.12,14.11,8.32
469,Bac Lieu,32,VN,1579875221,88,9.29,105.72,73.89,7.14
470,Nemuro,34,JP,1579875221,66,43.32,145.57,20.48,28.12
471,Waipawa,8,NZ,1579875221,77,-41.41,175.52,63.0,20.8
472,Chapais,90,CA,1579875221,84,49.78,-74.85,6.8,8.05
473,Ust-Tsilma,95,RU,1579875221,97,65.44,52.15,2.16,3.13
474,Hofn,20,IS,1579875221,53,64.25,-15.21,32.0,3.36
475,Upala,88,CR,1579875114,83,10.9,-85.01,73.4,5.5
476,Morant Bay,20,JM,1579875221,64,17.88,-76.41,75.2,11.41
477,Chifeng,0,CN,1579875221,69,42.27,118.96,15.75,5.53
478,Asau,29,RO,1579875222,52,46.43,26.4,41.0,14.99
479,San Cristobal,75,VE,1579874961,94,7.77,-72.22,73.4,6.93
480,Waycross,90,US,1579874972,82,31.21,-82.35,59.0,3.36
481,Camalu,100,MX,1579875222,78,30.85,-116.07,50.32,0.92
482,Dalbandin,73,PK,1579875222,58,28.89,64.41,60.08,3.6
483,Baghdad,90,IQ,1579874994,58,33.34,44.4,57.2,19.46
484,Cabedelo,75,BR,1579875222,70,-6.98,-34.83,86.0,11.41
485,Fayaoue,9,NC,1579875222,78,-20.65,166.53,77.77,15.26
486,Saint George's,64,GD,1579875223,77,12.06,-61.75,79.7,7.09
487,Shimoda,93,JP,1579875223,78,34.67,138.95,52.0,30.31
488,Srivaikuntam,11,IN,1579875223,70,8.62,77.93,79.92,16.98
489,El Dorado,20,US,1579875223,86,33.21,-92.67,39.0,3.36
490,Calbuco,40,CL,1579875223,87,-41.77,-73.13,59.0,3.36
491,Pacific Grove,90,US,1579875223,93,36.62,-121.92,51.8,7.2
492,Esim,0,GH,1579875223,52,4.87,-2.24,91.38,10.98
493,Douglas,90,US,1579875027,92,41.3,-96.17,30.2,12.75
494,Meulaboh,77,ID,1579875223,68,4.14,96.13,85.26,4.7
495,Grootfontein,40,NA,1579875223,60,-19.57,18.12,69.8,10.29
496,Woodward,1,US,1579875167,79,36.43,-99.39,23.0,8.05
497,Balaipungut,75,ID,1579874973,94,1.05,101.28,82.4,1.74
498,Morrope,96,PE,1579875224,29,-6.54,-80.01,66.2,5.79
499,Sumbawanga,75,TZ,1579875224,64,-7.97,31.62,73.4,6.93
500,Eenhana,76,NA,1579875224,26,-17.47,16.33,95.0,4.7
501,Humberto de Campos,57,BR,1579875224,74,-2.6,-43.46,84.97,8.28
502,Moree,40,AU,1579875224,74,-29.47,149.85,80.6,12.75
503,La Ronge,40,CA,1579875224,92,55.1,-105.28,19.4,4.7
504,Patan,20,NP,1579875224,76,27.67,85.33,48.2,2.24
505,Cabinda,75,AO,1579875224,83,-5.55,12.2,82.4,3.36
506,Hazorasp,90,UZ,1579875225,80,41.32,61.07,41.0,16.11
507,Uporovo,29,RU,1579875225,96,56.31,66.27,5.22,6.82
508,Gambela,96,ET,1579875225,17,8.25,34.58,95.41,4.41
509,Belen,0,TR,1579875225,23,36.49,36.22,51.8,18.34
510,Harper,78,LR,1579875225,65,4.38,-7.72,87.35,6.76
511,Payo,100,ID,1579875225,98,-3.75,103.64,70.32,0.74
512,Terrace,90,CA,1579875225,94,54.52,-128.6,33.8,2.24
513,Wicklow,90,IE,1579875226,93,53.0,-6.42,45.0,9.17
514,Batemans Bay,95,AU,1579875226,79,-35.72,150.18,66.99,3.0
515,Wukari,88,NG,1579875226,6,7.85,9.78,96.62,10.71
516,Yevpatoriya,89,UA,1579875226,65,45.2,33.36,40.87,13.53
517,Broken Hill,0,AU,1579875226,26,-31.95,141.43,71.6,9.17
518,Chicama,75,PE,1579875226,88,-7.84,-79.15,75.2,3.36
519,Bubaque,21,GW,1579875226,55,11.28,-15.83,81.37,14.27
520,Muros,40,ES,1579875226,62,42.78,-9.06,62.01,1.12
521,Voiron,90,FR,1579875226,70,45.36,5.59,51.01,11.41
522,Namatanai,22,PG,1579875227,78,-3.67,152.43,82.99,9.08
523,Mastic Beach,1,US,1579875227,69,40.77,-72.85,41.0,4.7
524,Porecatu,40,BR,1579875227,61,-22.76,-51.38,78.8,10.29
525,Ankang,100,CN,1579875227,93,32.68,109.02,35.42,3.38
526,Mount Gambier,90,AU,1579875227,87,-37.83,140.77,60.8,9.17
527,Vrnjacka Banja,0,RS,1579875227,48,43.62,20.9,44.6,2.53
528,Aykhal,75,RU,1579875227,74,66.0,111.5,-25.6,8.95
529,Luderitz,0,NA,1579875227,44,-26.65,15.16,80.6,11.41
530,Belmonte,90,BR,1579875227,83,-15.86,-38.88,82.4,4.7
531,Rosarito,1,MX,1579875228,71,32.33,-117.03,57.0,1.63
532,Charters Towers,100,AU,1579875228,78,-20.1,146.27,77.85,7.99
533,Pocao de Pedras,50,BR,1579875228,69,-4.67,-44.85,86.56,6.67
534,Hokitika,97,NZ,1579875228,85,-42.72,170.97,60.85,6.6
535,San Roque,90,ES,1579875228,87,36.21,-5.38,59.0,9.17
536,Christchurch,83,NZ,1579875186,93,-43.53,172.63,63.0,11.41
537,Ardino,0,BG,1579875228,36,41.58,25.13,44.6,4.07
538,Marysville,90,US,1579875228,93,48.05,-122.18,51.01,5.82
539,Nome,1,US,1579875229,75,64.5,-165.41,-9.0,3.36
540,Klaksvik,100,FO,1579875229,86,62.23,-6.59,37.4,17.22
541,Acapulco de Juarez,40,MX,1579875229,88,16.86,-99.89,75.2,3.36
542,Clarksdale,90,US,1579875229,100,34.2,-90.57,41.0,11.74
543,Faya,40,SA,1579875229,67,18.39,42.45,59.0,16.11
544,Holland,90,US,1579875220,100,42.79,-86.11,36.0,10.29
545,Inhambane,40,MZ,1579875229,54,-23.86,35.38,84.2,11.41
546,Dapaong,0,TG,1579875229,5,10.86,0.2,97.43,14.38
547,Balkanabat,100,TM,1579875229,69,39.51,54.37,40.73,4.5
548,Bathsheba,75,BB,1579874954,74,13.22,-59.52,82.4,14.99
549,Lebanon,90,US,1579875230,93,36.21,-86.29,46.4,9.17
550,Bucerias,40,MX,1579875230,94,20.75,-105.33,70.0,4.14
551,Misratah,0,LY,1579875230,56,32.38,15.09,63.34,16.84
552,Domoni,100,KM,1579875230,82,-12.26,44.53,81.66,16.55
553,Baharly,13,TM,1579875230,74,38.44,57.43,40.03,0.98
